ID,First Name,Last Name,IP Email,Gender,Address
1,cherin,Esposito,191.112.214.114          |     cesposito0@narod.edu,F,BLK 2 LT 3 Manhattan 
2,allen,Gratrix,243.249.139.165          |     agratrix1@google.com,Male,BLK 7 LT 4 Brooklyn 
3,   Dorise,Rosterne,148.239.72.61          |          drosterne2@google.com,F,BLK 8 LT 5 Brooklyn 2530-407
4,  Cully,Carder,253.80.177.72          |          ccarder3@huffingtonpost.com,F,BLK 7 LT 6 Queens 
5,BENT,Hanaford,237.168.198.174          |     bhanaford4@si.edu,F,BLK 1 LT 7 Staten Island 
6,NIKI,McGeneay,118.155.20.122          |     nmcgeneay5@google.com,F,BLK 3 LT 8 Staten Island 
7,hArt,Draisey,3.67.118.96          |          hdraisey6@w3.org,F,BLK 3 LT 9 Staten Island 
8,Felicle,Borham,23.19.79.165          |          fborham7@pen.edu,M,BLK 32 LT 16 Queens 8180
9,harPER,Malsher,216.128.199.162          |          hmalsher8@thetimes.co.uk,F,BLK 35 LT 17 Queens 
10,   Maggie,Donisthorpe,229.138.45.222          |          mdonisthorpe9@constantcontact.com,Male,BLK 3 LT 18 Queens 48110-000
11,     Haydon,Malarkey,25.153.175.32          |          hmalarkeya@mit.edu,Male,BLK 9 LT 19 Manhattan 
12,Oates,MacKessock,166.210.43.145          |          omackessockb@mapy.cz,Male,BLK 10 LT 20 Manhattan 2830-152
13,ADAN,Mishaw,154.158.3.160          |          amishawc@fotki.com,F,BLK 13 LT 21 Manhattan 35420-000
14,Lemmie,Manville,40.241.75.93          |          lmanvilled@wiley.com,F,BLK 15 LT 22 Manhattan 
15,Britt,Jesteco,212.208.54.114          |          bjestecoe@oracle.com,F,BLK 6 LT 10 Manhattan 
16,Filmer,Gowanlock,77.140.116.198          |          fgowanlockf@umn.edu,F,BLK 8 LT 11 Brooklyn 67137 CEDEX
17,Farly,Ferrierio,148.33.246.169          |          fferrieriog@google.com,Male,BLK 12 LT 12 Staten Island 3122
18,Libbi,Ghidetti,71.149.84.99          |          lghidettih@nytimes.com,F,BLK 2 LT 13 Queens 82037 CEDEX
19,Etan,Ricci,99.159.175.75          |          ericcii@about.com,F,BLK 2 LT 14 Manhattan 1750
20,Cele,Petroselli,187.76.85.84          |          cpetrosellij@columbia.edu,M,BLK 12 LT 15 Queens 
